Month,#Passengers
1949-01-01,112.0
1949-02-01,118.0
1949-03-01,132.0
1949-04-01,129.0
1949-05-01,121.0
1949-06-01,135.0
1949-07-01,148.0
1949-08-01,148.0
1949-09-01,136.0
1949-10-01,119.0
1949-11-01,104.0
1949-12-01,118.0
1950-01-01,115.0
1950-02-01,126.0
1950-03-01,141.0
1950-04-01,135.0
1950-05-01,125.0
1950-06-01,149.0
1950-07-01,170.0
1950-08-01,170.0
1950-09-01,158.0
1950-10-01,133.0
1950-11-01,114.0
1950-12-01,140.0
1951-01-01,145.0
1951-02-01,150.0
1951-03-01,178.0
1951-04-01,163.0
1951-05-01,172.0
1951-06-01,178.0
1951-07-01,199.0
1951-08-01,199.0
1951-09-01,184.0
1951-10-01,162.0
1951-11-01,146.0
1951-12-01,166.0
1952-01-01,171.0
1952-02-01,180.0
1952-03-01,193.0
1952-04-01,181.0
1952-05-01,183.0
1952-06-01,218.0
1952-07-01,230.0
1952-08-01,242.0
1952-09-01,209.0
1952-10-01,191.0
1952-11-01,172.0
1952-12-01,194.0
1953-01-01,196.0
1953-02-01,196.0
1953-03-01,236.0
1953-04-01,235.0
1953-05-01,229.0
1953-06-01,243.0
1953-07-01,264.0
1953-08-01,272.0
1953-09-01,237.0
1953-10-01,211.0
1953-11-01,180.0
1953-12-01,201.0
1954-01-01,204.0
1954-02-01,188.0
1954-03-01,235.0
1954-04-01,227.0
1954-05-01,234.0
1954-06-01,264.0
1954-07-01,302.0
1954-08-01,293.0
1954-09-01,259.0
1954-10-01,229.0
1954-11-01,203.0
1954-12-01,229.0
1955-01-01,242.0
1955-02-01,233.0
1955-03-01,267.0
1955-04-01,269.0
1955-05-01,270.0
1955-06-01,315.0
1955-07-01,364.0
1955-08-01,347.0
1955-09-01,312.0
1955-10-01,274.0
1955-11-01,237.0
1955-12-01,278.0
1956-01-01,284.0
1956-02-01,277.0
1956-03-01,317.0
1956-04-01,313.0
1956-05-01,318.0
1956-06-01,374.0
1956-07-01,413.0
1956-08-01,405.0
1956-09-01,355.0
1956-10-01,306.0
1956-11-01,271.0
1956-12-01,306.0
1957-01-01,315.0
1957-02-01,301.0
1957-03-01,356.0
1957-04-01,348.0
1957-05-01,355.0
1957-06-01,422.0
1957-07-01,465.0
1957-08-01,467.0
1957-09-01,404.0
1957-10-01,347.0
1957-11-01,305.0
1957-12-01,336.0
1958-01-01,340.0
1958-02-01,318.0
1958-03-01,362.0
1958-04-01,348.0
1958-05-01,363.0
1958-06-01,435.0
1958-07-01,491.0
1958-08-01,505.0
1958-09-01,404.0
1958-10-01,359.0
1958-11-01,310.0
1958-12-01,337.0
1959-01-01,360.0
1959-02-01,342.0
1959-03-01,406.0
1959-04-01,396.0
1959-05-01,420.0
1959-06-01,472.0
1959-07-01,548.0
1959-08-01,559.0
1959-09-01,463.0
1959-10-01,407.0
1959-11-01,362.0
1959-12-01,405.0
1960-01-01,417.0
1960-02-01,391.0
1960-03-01,419.0
1960-04-01,461.0
1960-05-01,472.0
1960-06-01,535.0
1960-07-01,622.0
1960-08-01,606.0
1960-09-01,508.0
1960-10-01,461.0
1960-11-01,390.0
1960-12-01,432.0
1960-12-31,451.5778637820711
1961-01-31,427.2585034675599
1961-02-28,464.6997265298656
1961-03-31,500.10432073776
1961-04-30,508.66205274150605
1961-05-31,567.7153520252217
1961-06-30,647.8990506518295
1961-07-31,632.4628853659624
1961-08-31,534.3764221227657
1961-09-30,484.9333656039423
1961-10-31,418.46185001514243
1961-11-30,471.062268301673
1961-12-31,482.7167509578678
1962-01-31,458.3973906433567
1962-02-28,495.83861370566234
1962-03-31,531.2432079135567
1962-04-30,539.8009399173028
1962-05-31,598.8542392010185
1962-06-30,679.0379378276263
1962-07-31,663.6017725417591
1962-08-31,565.5153092985624
1962-09-30,516.0722527797392
1962-10-31,449.6007371909392
1962-11-30,502.20115547746974
1962-12-31,513.8556381336646
1963-01-31,489.53627781915344
1963-02-28,526.9775008814592
1963-03-31,562.3820950893536
1963-04-30,570.9398270930996
1963-05-31,629.9931263768152
1963-06-30,710.176825003423
1963-07-31,694.7406597175559
1963-08-31,596.6541964743592
1963-09-30,547.2111399555359
1963-10-31,480.73962436673594
1963-11-30,533.3400426532666
1963-12-31,544.9945253094614
1964-01-31,520.6751649949501
1964-02-29,558.1163880572559
1964-03-31,593.5209822651503
1964-04-30,602.0787142688963
1964-05-31,661.132013552612
1964-06-30,741.3157121792199
1964-07-31,725.8795468933527
1964-08-31,627.793083650156
1964-09-30,578.3500271313327
1964-10-31,511.8785115425327
1964-11-30,564.4789298290633
1964-12-31,576.1334124852582
1965-01-31,551.8140521707469
1965-02-28,589.2552752330527
1965-03-31,624.6598694409471
1965-04-30,633.2176014446931
1965-05-31,692.2709007284087
1965-06-30,772.4545993550166
1965-07-31,757.0184340691494
1965-08-31,658.9319708259527
1965-09-30,609.4889143071294
1965-10-31,543.0173987183294
1965-11-30,595.6178170048601
1965-12-31,607.272299661055
1966-01-31,582.9529393465436
1966-02-28,620.3941624088495
1966-03-31,655.7987566167438
1966-04-30,664.3564886204898
1966-05-31,723.4097879042055
1966-06-30,803.5934865308134
1966-07-31,788.1573212449462
1966-08-31,690.0708580017496
1966-09-30,640.6278014829262
1966-10-31,574.1562858941262
1966-11-30,626.7567041806568
1966-12-31,638.4111868368517
1967-01-31,614.0918265223404
1967-02-28,651.5330495846463
1967-03-31,686.9376437925406
1967-04-30,695.4953757962866
1967-05-31,754.5486750800022
1967-06-30,834.7323737066101
1967-07-31,819.2962084207429
1967-08-31,721.2097451775463
1967-09-30,671.766688658723
1967-10-31,605.295173069923
1967-11-30,657.8955913564536
1967-12-31,669.5500740126485
1968-01-31,645.2307136981372
1968-02-29,682.671936760443
1968-03-31,718.0765309683374
1968-04-30,726.6342629720833
1968-05-31,785.687562255799
1968-06-30,865.8712608824069
1968-07-31,850.4350955965397
1968-08-31,752.3486323533431
1968-09-30,702.9055758345197
1968-10-31,636.4340602457197
1968-11-30,689.0344785322503
1968-12-31,700.6889611884452
1969-01-31,676.3696008739339
1969-02-28,713.8108239362398
1969-03-31,749.2154181441341
1969-04-30,757.7731501478801
1969-05-31,816.8264494315957
1969-06-30,897.0101480582036
1969-07-31,881.5739827723365
1969-08-31,783.4875195291398
1969-09-30,734.0444630103165
1969-10-31,667.5729474215165
1969-11-30,720.1733657080471
1969-12-31,731.827848364242
1970-01-31,707.5084880497309
1970-02-28,744.9497111120365
1970-03-31,780.3543053199309
1970-04-30,788.9120373236768
1970-05-31,847.9653366073925
1970-06-30,928.1490352340004
1970-07-31,912.7128699481333
1970-08-31,814.6264067049366
1970-09-30,765.1833501861132
1970-10-31,698.7118345973132
1970-11-30,751.3122528838439
1970-12-31,762.9667355400387
1971-01-31,738.6473752255276
1971-02-28,776.0885982878333
1971-03-31,811.4931924957276
1971-04-30,820.0509244994736
1971-05-31,879.1042237831894
1971-06-30,959.2879224097971
1971-07-31,943.85175712393
1971-08-31,845.7652938807333
1971-09-30,796.32223736191
1971-10-31,729.85072177311
1971-11-30,782.4511400596407
1971-12-31,794.1056227158355
1972-01-31,769.7862624013244
1972-02-29,807.22748546363
1972-03-31,842.6320796715244
1972-04-30,851.1898116752703
1972-05-31,910.2431109589861
1972-06-30,990.4268095855939
1972-07-31,974.9906442997268
1972-08-31,876.9041810565301
1972-09-30,827.4611245377067
1972-10-31,760.9896089489067
1972-11-30,813.5900272354374
1972-12-31,825.2445098916323
1973-01-31,800.9251495771211
1973-02-28,838.3663726394268
1973-03-31,873.7709668473211
1973-04-30,882.3286988510671
1973-05-31,941.3819981347829
1973-06-30,1021.5656967613908
1973-07-31,1006.1295314755235
1973-08-31,908.0430682323268
1973-09-30,858.6000117135035
1973-10-31,792.1284961247035
1973-11-30,844.7289144112342
1973-12-31,856.3833970674291
1974-01-31,832.0640367529179
1974-02-28,869.5052598152236
1974-03-31,904.9098540231179
1974-04-30,913.4675860268638
1974-05-31,972.5208853105796
1974-06-30,1052.7045839371874
1974-07-31,1037.2684186513202
1974-08-31,939.1819554081236
1974-09-30,889.7388988893002
1974-10-31,823.2673833005003
1974-11-30,875.867801587031
1974-12-31,887.5222842432258
1975-01-31,863.2029239287147
1975-02-28,900.6441469910203
1975-03-31,936.0487411989146
1975-04-30,944.6064732026607
1975-05-31,1003.6597724863764
1975-06-30,1083.8434711129842
1975-07-31,1068.407305827117
1975-08-31,970.3208425839204
1975-09-30,920.877786065097
1975-10-31,854.4062704762971
1975-11-30,907.0066887628277
1975-12-31,918.6611714190226
1976-01-31,894.3418111045114
1976-02-29,931.7830341668171
1976-03-31,967.1876283747114
1976-04-30,975.7453603784575
1976-05-31,1034.7986596621731
1976-06-30,1114.982358288781
1976-07-31,1099.5461930029137
1976-08-31,1001.4597297597171
1976-09-30,952.0166732408937
1976-10-31,885.5451576520938
1976-11-30,938.1455759386245
1976-12-31,949.8000585948193
1977-01-31,925.4806982803082
1977-02-28,962.9219213426138
1977-03-31,998.3265155505081
1977-04-30,1006.8842475542542
1977-05-31,1065.9375468379699
1977-06-30,1146.1212454645777
1977-07-31,1130.6850801787105
1977-08-31,1032.598616935514
1977-09-30,983.1555604166906
1977-10-31,916.6840448278906
1977-11-30,969.2844631144212
1977-12-31,980.9389457706161
1978-01-31,956.6195854561049
1978-02-28,994.0608085184106
1978-03-31,1029.465402726305
1978-04-30,1038.0231347300512
1978-05-31,1097.0764340137664
1978-06-30,1177.2601326403744
1978-07-31,1161.8239673545072
1978-08-31,1063.7375041113107
1978-09-30,1014.2944475924875
1978-10-31,947.8229320036872
1978-11-30,1000.4233502902181
1978-12-31,1012.0778329464129
1979-01-31,987.7584726319017
1979-02-28,1025.1996956942073
1979-03-31,1060.6042899021018
1979-04-30,1069.162021905848
1979-05-31,1128.2153211895632
1979-06-30,1208.3990198161712
1979-07-31,1192.962854530304
1979-08-31,1094.8763912871075
1979-09-30,1045.4333347682843
1979-10-31,978.961819179484
1979-11-30,1031.5622374660147
1979-12-31,1043.2167201222096
1980-01-31,1018.8973598076984
1980-02-29,1056.3385828700043
1980-03-31,1091.7431770778985
1980-04-30,1100.3009090816447
1980-05-31,1159.3542083653601
1980-06-30,1239.537906991968
1980-07-31,1224.1017417061007
1980-08-31,1126.0152784629042
1980-09-30,1076.572221944081
1980-10-31,1010.1007063552807
1980-11-30,1062.7011246418115
1980-12-31,1074.3556072980064
1981-01-31,1050.0362469834952
1981-02-28,1087.477470045801
1981-03-31,1122.8820642536953
1981-04-30,1131.4397962574415
1981-05-31,1190.493095541157
1981-06-30,1270.6767941677647
1981-07-31,1255.2406288818975
1981-08-31,1157.154165638701
1981-09-30,1107.7111091198778
1981-10-31,1041.2395935310776
1981-11-30,1093.8400118176082
1981-12-31,1105.4944944738031
1982-01-31,1081.175134159292
1982-02-28,1118.6163572215978
1982-03-31,1154.020951429492
1982-04-30,1162.5786834332382
1982-05-31,1221.6319827169536
1982-06-30,1301.8156813435614
1982-07-31,1286.3795160576942
1982-08-31,1188.2930528144977
1982-09-30,1138.8499962956746
1982-10-31,1072.3784807068744
1982-11-30,1124.978898993405
1982-12-31,1136.6333816495999
1983-01-31,1112.3140213350887
1983-02-28,1149.7552443973946
1983-03-31,1185.1598386052888
1983-04-30,1193.717570609035
1983-05-31,1252.7708698927504
1983-06-30,1332.9545685193582
1983-07-31,1317.518403233491
1983-08-31,1219.4319399902945
1983-09-30,1169.9888834714714
1983-10-31,1103.5173678826711
1983-11-30,1156.1177861692017
1983-12-31,1167.7722688253966
1984-01-31,1143.4529085108854
1984-02-29,1180.8941315731913
1984-03-31,1216.2987257810855
1984-04-30,1224.8564577848317
1984-05-31,1283.9097570685472
1984-06-30,1364.093455695155
1984-07-31,1348.6572904092882
1984-08-31,1250.5708271660912
1984-09-30,1201.127770647268
1984-10-31,1134.656255058468
1984-11-30,1187.2566733449985
1984-12-31,1198.9111560011934
1985-01-31,1174.5917956866822
1985-02-28,1212.033018748988
1985-03-31,1247.4376129568823
1985-04-30,1255.9953449606285
1985-05-31,1315.048644244344
1985-06-30,1395.2323428709517
1985-07-31,1379.796177585085
1985-08-31,1281.709714341888
1985-09-30,1232.2666578230649
1985-10-31,1165.7951422342649
1985-11-30,1218.3955605207952
1985-12-31,1230.0500431769901
1986-01-31,1205.730682862479
1986-02-28,1243.1719059247848
1986-03-31,1278.576500132679
1986-04-30,1287.1342321364252
1986-05-31,1346.1875314201407
1986-06-30,1426.3712300467485
1986-07-31,1410.9350647608817
1986-08-31,1312.8486015176848
1986-09-30,1263.4055449988616
1986-10-31,1196.9340294100616
1986-11-30,1249.534447696592
1986-12-31,1261.1889303527869
1987-01-31,1236.8695700382757
1987-02-28,1274.3107931005816
1987-03-31,1309.7153873084758
1987-04-30,1318.273119312222
1987-05-31,1377.3264185959374
1987-06-30,1457.5101172225452
1987-07-31,1442.0739519366784
1987-08-31,1343.9874886934815
1987-09-30,1294.5444321746584
1987-10-31,1228.0729165858584
1987-11-30,1280.6733348723888
1987-12-31,1292.3278175285836
1988-01-31,1268.0084572140725
1988-02-29,1305.4496802763783
1988-03-31,1340.8542744842725
1988-04-30,1349.4120064880187
1988-05-31,1408.4653057717342
1988-06-30,1488.649004398342
1988-07-31,1473.2128391124752
1988-08-31,1375.1263758692783
1988-09-30,1325.6833193504551
1988-10-31,1259.2118037616551
1988-11-30,1311.8122220481855
1988-12-31,1323.4667047043806
1989-01-31,1299.1473443898692
1989-02-28,1336.588567452175
1989-03-31,1371.9931616600695
1989-04-30,1380.5508936638155
1989-05-31,1439.604192947531
1989-06-30,1519.7878915741387
1989-07-31,1504.351726288272
1989-08-31,1406.265263045075
1989-09-30,1356.8222065262519
1989-10-31,1290.3506909374519
1989-11-30,1342.9511092239823
1989-12-31,1354.6055918801774
1990-01-31,1330.286231565666
1990-02-28,1367.7274546279718
1990-03-31,1403.1320488358663
1990-04-30,1411.6897808396122
1990-05-31,1470.7430801233277
1990-06-30,1550.9267787499355
1990-07-31,1535.4906134640687
1990-08-31,1437.4041502208718
1990-09-30,1387.9610937020486
1990-10-31,1321.4895781132486
1990-11-30,1374.089996399779
1990-12-31,1385.7444790559741
1991-01-31,1361.4251187414627
1991-02-28,1398.8663418037686
1991-03-31,1434.270936011663
1991-04-30,1442.828668015409
1991-05-31,1501.8819672991244
1991-06-30,1582.0656659257322
1991-07-31,1566.6295006398655
1991-08-31,1468.5430373966685
1991-09-30,1419.0999808778454
1991-10-31,1352.6284652890454
1991-11-30,1405.2288835755758
1991-12-31,1416.8833662317709
1992-01-31,1392.5640059172595
1992-02-29,1430.0052289795653
1992-03-31,1465.4098231874598
1992-04-30,1473.9675551912057
1992-05-31,1533.0208544749212
1992-06-30,1613.204553101529
1992-07-31,1597.7683878156622
1992-08-31,1499.6819245724653
1992-09-30,1450.2388680536421
1992-10-31,1383.7673524648421
1992-11-30,1436.3677707513725
1992-12-31,1448.0222534075676
1993-01-31,1423.7028930930562
1993-02-28,1461.144116155362
1993-03-31,1496.5487103632565
1993-04-30,1505.1064423670025
1993-05-31,1564.1597416507182
1993-06-30,1644.3434402773257
1993-07-31,1628.907274991459
1993-08-31,1530.8208117482623
1993-09-30,1481.377755229439
1993-10-31,1414.906239640639
1993-11-30,1467.5066579271693
1993-12-31,1479.1611405833642
1994-01-31,1454.8417802688532
1994-02-28,1492.2830033311589
1994-03-31,1527.6875975390533
1994-04-30,1536.2453295427993
1994-05-31,1595.2986288265147
1994-06-30,1675.4823274531225
1994-07-31,1660.0461621672557
1994-08-31,1561.959698924059
1994-09-30,1512.5166424052356
1994-10-31,1446.0451268164356
1994-11-30,1498.645545102966
1994-12-31,1510.300027759161
1995-01-31,1485.98066744465
1995-02-28,1523.4218905069556
1995-03-31,1558.82648471485
1995-04-30,1567.384216718596
1995-05-31,1626.4375160023114
1995-06-30,1706.6212146289195
1995-07-31,1691.1850493430525
1995-08-31,1593.0985860998558
1995-09-30,1543.6555295810324
1995-10-31,1477.1840139922324
1995-11-30,1529.7844322787628
1995-12-31,1541.438914934958
1996-01-31,1517.1195546204467
1996-02-29,1554.5607776827524
1996-03-31,1589.9653718906468
1996-04-30,1598.5231038943928
1996-05-31,1657.5764031781082
1996-06-30,1737.7601018047162
1996-07-31,1722.3239365188492
1996-08-31,1624.2374732756525
1996-09-30,1574.7944167568292
1996-10-31,1508.3229011680291
1996-11-30,1560.9233194545595
1996-12-31,1572.5778021107546
1997-01-31,1548.2584417962435
1997-02-28,1585.699664858549
1997-03-31,1621.1042590664435
1997-04-30,1629.6619910701895
1997-05-31,1688.715290353905
1997-06-30,1768.898988980513
1997-07-31,1753.462823694646
1997-08-31,1655.3763604514493
1997-09-30,1605.933303932626
1997-10-31,1539.461788343826
1997-11-30,1592.0622066303563
1997-12-31,1603.7166892865514
1998-01-31,1579.3973289720402
1998-02-28,1616.8385520343459
1998-03-31,1652.2431462422403
1998-04-30,1660.8008782459863
1998-05-31,1719.8541775297017
1998-06-30,1800.0378761563097
1998-07-31,1784.6017108704427
1998-08-31,1686.515247627246
1998-09-30,1637.0721911084227
1998-10-31,1570.6006755196227
1998-11-30,1623.201093806153
1998-12-31,1634.8555764623482
1999-01-31,1610.536216147837
1999-02-28,1647.9774392101426
1999-03-31,1683.382033418037
1999-04-30,1691.939765421783
1999-05-31,1750.9930647054987
1999-06-30,1831.1767633321065
1999-07-31,1815.7405980462395
1999-08-31,1717.6541348030428
1999-09-30,1668.2110782842194
1999-10-31,1601.7395626954194
1999-11-30,1654.33998098195
1999-12-31,1665.994463638145
2000-01-31,1641.6751033236337
2000-02-29,1679.1163263859394
2000-03-31,1714.5209205938338
2000-04-30,1723.0786525975798
2000-05-31,1782.1319518812954
2000-06-30,1862.3156505079032
2000-07-31,1846.8794852220362
2000-08-31,1748.7930219788395
2000-09-30,1699.3499654600162
2000-10-31,1632.8784498712162
2000-11-30,1685.4788681577468
2000-12-31,1697.1333508139417
2001-01-31,1672.8139904994305
2001-02-28,1710.2552135617361
2001-03-31,1745.6598077696306
2001-04-30,1754.2175397733765
2001-05-31,1813.2708390570922
2001-06-30,1893.4545376837
2001-07-31,1878.018372397833
2001-08-31,1779.9319091546363
2001-09-30,1730.488852635813
2001-10-31,1664.017337047013
2001-11-30,1716.6177553335435
2001-12-31,1728.2722379897384
2002-01-31,1703.9528776752272
2002-02-28,1741.3941007375329
2002-03-31,1776.7986949454273
2002-04-30,1785.3564269491733
2002-05-31,1844.409726232889
2002-06-30,1924.5934248594967
2002-07-31,1909.1572595736297
2002-08-31,1811.070796330433
2002-09-30,1761.6277398116097
2002-10-31,1695.1562242228097
2002-11-30,1747.7566425093403
2002-12-31,1759.4111251655352
2003-01-31,1735.091764851024
2003-02-28,1772.5329879133296
2003-03-31,1807.937582121224
2003-04-30,1816.49531412497
2003-05-31,1875.5486134086857
2003-06-30,1955.7323120352935
2003-07-31,1940.2961467494265
2003-08-31,1842.2096835062298
2003-09-30,1792.7666269874064
2003-10-31,1726.2951113986067
2003-11-30,1778.895529685137
2003-12-31,1790.550012341332
2004-01-31,1766.2306520268207
2004-02-29,1803.6718750891264
2004-03-31,1839.0764692970208
2004-04-30,1847.634201300767
2004-05-31,1906.6875005844824
2004-06-30,1986.8711992110902
2004-07-31,1971.4350339252233
2004-08-31,1873.3485706820265
2004-09-30,1823.9055141632032
2004-10-31,1757.4339985744034
2004-11-30,1810.0344168609338
2004-12-31,1821.6888995171287
2005-01-31,1797.3695392026175
2005-02-28,1834.8107622649231
2005-03-31,1870.2153564728176
2005-04-30,1878.7730884765638
2005-05-31,1937.8263877602792
2005-06-30,2018.010086386887
2005-07-31,2002.57392110102
2005-08-31,1904.4874578578233
2005-09-30,1855.044401339
2005-10-31,1788.5728857502002
2005-11-30,1841.1733040367305
2005-12-31,1852.8277866929254
2006-01-31,1828.5084263784142
2006-02-28,1865.94964944072
2006-03-31,1901.3542436486143
2006-04-30,1909.9119756523605
2006-05-31,1968.965274936076
2006-06-30,2049.1489735626838
2006-07-31,2033.7128082768168
2006-08-31,1935.62634503362
2006-09-30,1886.1832885147967
2006-10-31,1819.711772925997
2006-11-30,1872.3121912125273
2006-12-31,1883.9666738687222
2007-01-31,1859.647313554211
2007-02-28,1897.0885366165166
2007-03-31,1932.493130824411
2007-04-30,1941.0508628281573
2007-05-31,2000.1041621118727
2007-06-30,2080.2878607384805
2007-07-31,2064.8516954526135
2007-08-31,1966.7652322094168
2007-09-30,1917.3221756905934
2007-10-31,1850.8506601017937
2007-11-30,1903.451078388324
2007-12-31,1915.105561044519
2008-01-31,1890.7862007300077
2008-02-29,1928.2274237923134
2008-03-31,1963.632018000208
2008-04-30,1972.189750003954
2008-05-31,2031.2430492876695
2008-06-30,2111.4267479142773
2008-07-31,2095.9905826284103
2008-08-31,1997.9041193852136
2008-09-30,1948.4610628663904
2008-10-31,1881.9895472775904
2008-11-30,1934.5899655641208
2008-12-31,1946.2444482203157
2009-01-31,1921.9250879058045
2009-02-28,1959.3663109681102
2009-03-31,1994.7709051760048
2009-04-30,2003.3286371797508
2009-05-31,2062.3819364634664
2009-06-30,2142.565635090074
2009-07-31,2127.129469804207
2009-08-31,2029.0430065610103
2009-09-30,1979.5999500421872
2009-10-31,1913.1284344533872
2009-11-30,1965.7288527399176
2009-12-31,1977.3833353961124
2010-01-31,1953.0639750816013
2010-02-28,1990.505198143907
2010-03-31,2025.9097923518016
2010-04-30,2034.4675243555475
2010-05-31,2093.520823639263
2010-06-30,2173.7045222658708
2010-07-31,2158.268356980004
2010-08-31,2060.181893736807
2010-09-30,2010.738837217984
2010-10-31,1944.267321629184
2010-11-30,1996.8677399157145
2010-12-31,2008.5222225719092
2011-01-31,1984.2028622573978
2011-02-28,2021.6440853197037
2011-03-31,2057.0486795275983
2011-04-30,2065.6064115313443
2011-05-31,2124.65971081506
2011-06-30,2204.8434094416675
2011-07-31,2189.4072441558005
2011-08-31,2091.320780912604
2011-09-30,2041.877724393781
2011-10-31,1975.4062088049807
2011-11-30,2028.0066270915108
2011-12-31,2039.661109747706
2012-01-31,2015.341749433195
2012-02-29,2052.782972495501
2012-03-31,2088.187566703395
2012-04-30,2096.7452987071406
2012-05-31,2155.7985979908567
2012-06-30,2235.9822966174647
2012-07-31,2220.5461313315973
2012-08-31,2122.4596680884006
2012-09-30,2073.016611569577
2012-10-31,2006.5450959807774
2012-11-30,2059.145514267308
2012-12-31,2070.799996923503
2013-01-31,2046.4806366089913
2013-02-28,2083.921859671297
2013-03-31,2119.326453879192
2013-04-30,2127.884185882938
2013-05-31,2186.9374851666535
2013-06-30,2267.121183793261
2013-07-31,2251.685018507394
2013-08-31,2153.5985552641973
2013-09-30,2104.155498745374
2013-10-31,2037.6839831565742
2013-11-30,2090.2844014431043
2013-12-31,2101.9388840992997
2014-01-31,2077.6195237847883
2014-02-28,2115.0607468470944
2014-03-31,2150.4653410549886
2014-04-30,2159.023073058734
2014-05-31,2218.07637234245
2014-06-30,2298.2600709690582
2014-07-31,2282.823905683191
2014-08-31,2184.737442439994
2014-09-30,2135.2943859211705
2014-10-31,2068.8228703323707
2014-11-30,2121.4232886189016
2014-12-31,2133.0777712750964
2015-01-31,2108.7584109605846
2015-02-28,2146.1996340228907
2015-03-31,2181.6042282307853
2015-04-30,2190.1619602345313
2015-05-31,2249.215259518247
2015-06-30,2329.3989581448545
2015-07-31,2313.9627928589875
2015-08-31,2215.876329615791
2015-09-30,2166.4332730969677
2015-10-31,2099.9617575081675
2015-11-30,2152.562175794698
2015-12-31,2164.216658450893
2016-01-31,2139.897298136382
2016-02-29,2177.338521198688
2016-03-31,2212.743115406582
2016-04-30,2221.3008474103276
2016-05-31,2280.3541466940437
2016-06-30,2360.5378453206517
2016-07-31,2345.1016800347847
2016-08-31,2247.0152167915876
2016-09-30,2197.572160272764
2016-10-31,2131.100644683964
2016-11-30,2183.701062970495
2016-12-31,2195.35554562669
2017-01-31,2171.0361853121785
2017-02-28,2208.477408374484
2017-03-31,2243.882002582379
2017-04-30,2252.439734586125
2017-05-31,2311.4930338698405
2017-06-30,2391.676732496448
2017-07-31,2376.240567210581
2017-08-31,2278.1541039673843
2017-09-30,2228.711047448561
2017-10-31,2162.239531859761
2017-11-30,2214.8399501462914
2017-12-31,2226.4944328024867
2018-01-31,2202.1750724879753
2018-02-28,2239.6162955502814
2018-03-31,2275.0208897581756
2018-04-30,2283.578621761921
2018-05-31,2342.6319210456372
2018-06-30,2422.8156196722452
2018-07-31,2407.3794543863783
2018-08-31,2309.292991143181
2018-09-30,2259.8499346243575
2018-10-31,2193.3784190355577
2018-11-30,2245.9788373220886
2018-12-31,2257.6333199782835
2019-01-31,2233.313959663772
2019-02-28,2270.7551827260777
2019-03-31,2306.1597769339724
2019-04-30,2314.7175089377183
2019-05-31,2373.770808221434
2019-06-30,2453.9545068480415
2019-07-31,2438.5183415621746
2019-08-31,2340.431878318978
2019-09-30,2290.9888218001547
2019-10-31,2224.5173062113545
2019-11-30,2277.117724497885
2019-12-31,2288.77220715408
2020-01-31,2264.452846839569
2020-02-29,2301.894069901875
2020-03-31,2337.298664109769
2020-04-30,2345.8563961135146
2020-05-31,2404.9096953972307
2020-06-30,2485.0933940238388
2020-07-31,2469.6572287379718
2020-08-31,2371.5707654947746
2020-09-30,2322.127708975951
2020-10-31,2255.6561933871512
2020-11-30,2308.256611673682
2020-12-31,2319.9110943298774
2021-01-31,2295.5917340153655
2021-02-28,2333.032957077671
2021-03-31,2368.437551285566
2021-04-30,2376.995283289312
2021-05-31,2436.0485825730275
2021-06-30,2516.2322811996355
2021-07-31,2500.796115913768
2021-08-31,2402.7096526705714
2021-09-30,2353.266596151748
2021-10-31,2286.795080562948
2021-11-30,2339.3954988494784
2021-12-31,2351.0499815056737
2022-01-31,2326.7306211911623
2022-02-28,2364.1718442534684
2022-03-31,2399.5764384613626
2022-04-30,2408.134170465108
2022-05-31,2467.1874697488242
2022-06-30,2547.3711683754323
2022-07-31,2531.9350030895653
2022-08-31,2433.848539846368
2022-09-30,2384.4054833275445
2022-10-31,2317.9339677387447
2022-11-30,2370.5343860252756
2022-12-31,2382.188868681471
2023-01-31,2357.869508366959
2023-02-28,2395.3107314292647
2023-03-31,2430.7153256371594
2023-04-30,2439.2730576409053
2023-05-31,2498.326356924621
2023-06-30,2578.510055551229
2023-07-31,2563.0738902653616
2023-08-31,2464.987427022165
2023-09-30,2415.5443705033417
2023-10-31,2349.0728549145415
2023-11-30,2401.673273201072
2023-12-31,2413.327755857267
2024-01-31,2389.008395542756
2024-02-29,2426.449618605062
2024-03-31,2461.854212812956
2024-04-30,2470.4119448167016
2024-05-31,2529.4652441004177
2024-06-30,2609.6489427270258
2024-07-31,2594.212777441159
2024-08-31,2496.1263141979616
2024-09-30,2446.683257679138
2024-10-31,2380.2117420903382
2024-11-30,2432.812160376869
2024-12-31,2444.4666430330644
2025-01-31,2420.1472827185526
2025-02-28,2457.588505780858
2025-03-31,2492.993099988753
2025-04-30,2501.550831992499
2025-05-31,2560.604131276215
2025-06-30,2640.7878299028225
2025-07-31,2625.351664616955
2025-08-31,2527.2652013737584
2025-09-30,2477.8221448549352
2025-10-31,2411.350629266135
2025-11-30,2463.951047552666
2025-12-31,2475.6055302088607
2026-01-31,2451.2861698943493
2026-02-28,2488.7273929566554
2026-03-31,2524.1319871645496
2026-04-30,2532.689719168295
2026-05-31,2591.7430184520113
2026-06-30,2671.9267170786193
2026-07-31,2656.4905517927523
2026-08-31,2558.404088549555
2026-09-30,2508.9610320307315
2026-10-31,2442.4895164419318
2026-11-30,2495.0899347284626
2026-12-31,2506.744417384658
2027-01-31,2482.4250570701456
2027-02-28,2519.8662801324517
2027-03-31,2555.2708743403464
2027-04-30,2563.8286063440923
2027-05-31,2622.8819056278085
2027-06-30,2703.0656042544156
2027-07-31,2687.6294389685486
2027-08-31,2589.542975725352
2027-09-30,2540.0999192065287
2027-10-31,2473.628403617729
2027-11-30,2526.228821904259
2027-12-31,2537.8833045604542
2028-01-31,2513.563944245943
2028-02-29,2551.005167308249
2028-03-31,2586.4097615161436
2028-04-30,2594.9674935198886
2028-05-31,2654.0207928036048
2028-06-30,2734.204491430213
2028-07-31,2718.768326144346
2028-08-31,2620.681862901149
2028-09-30,2571.238806382325
2028-10-31,2504.7672907935253
2028-11-30,2557.367709080056
2028-12-31,2569.0221917362514
2029-01-31,2544.702831421739
2029-02-28,2582.1440544840452
2029-03-31,2617.54864869194
2029-04-30,2626.106380695686
2029-05-31,2685.159679979402
2029-06-30,2765.343378606009
2029-07-31,2749.907213320142
2029-08-31,2651.8207500769454
2029-09-30,2602.3776935581222
2029-10-31,2535.9061779693225
2029-11-30,2588.5065962558524
2029-12-31,2600.1610789120477
2030-01-31,2575.8417185975363
2030-02-28,2613.2829416598424
2030-03-31,2648.687535867737
2030-04-30,2657.245267871482
2030-05-31,2716.2985671551983
2030-06-30,2796.4822657818063
2030-07-31,2781.0461004959393
2030-08-31,2682.9596372527426
2030-09-30,2633.5165807339185
2030-10-31,2567.0450651451188
2030-11-30,2619.6454834316496
2030-12-31,2631.299966087845
2031-01-31,2606.9806057733335
2031-02-28,2644.4218288356387
2031-03-31,2679.8264230435334
2031-04-30,2688.3841550472794
2031-05-31,2747.4374543309955
2031-06-30,2827.6211529576026
2031-07-31,2812.1849876717356
2031-08-31,2714.098524428539
2031-09-30,2664.6554679097158
2031-10-31,2598.183952320916
2031-11-30,2650.784370607446
2031-12-31,2662.4388532636412
2032-01-31,2638.11949294913
2032-02-29,2675.560716011436
2032-03-31,2710.9653102193306
2032-04-30,2719.5230422230757
2032-05-31,2778.576341506792
2032-06-30,2858.7600401334
2032-07-31,2843.323874847533
2032-08-31,2745.237411604336
2032-09-30,2695.794355085512
2032-10-31,2629.3228394967123
2032-11-30,2681.923257783243
2032-12-31,2693.5777404394385
2033-01-31,2669.258380124927
2033-02-28,2706.6996031872322
2033-03-31,2742.104197395127
2033-04-30,2750.661929398873
2033-05-31,2809.715228682589
2033-06-30,2889.898927309197
2033-07-31,2874.462762023329
2033-08-31,2776.3762987801324
2033-09-30,2726.9332422613093
2033-10-31,2660.4617266725095
2033-11-30,2713.0621449590394
2033-12-31,2724.7166276152348
2034-01-31,2700.3972673007233
2034-02-28,2737.8384903630295
2034-03-31,2773.243084570924
2034-04-30,2781.800816574669
2034-05-31,2840.8541158583853
2034-06-30,2921.0378144849933
2034-07-31,2905.6016491991263
2034-08-31,2807.5151859559296
2034-09-30,2758.0721294371056
2034-10-31,2691.600613848306
2034-11-30,2744.2010321348366
2034-12-31,2755.855514791032
2035-01-31,2731.5361544765206
2035-02-28,2768.9773775388257
2035-03-31,2804.3819717467204
2035-04-30,2812.9397037504664
2035-05-31,2871.9930030341825
2035-06-30,2952.1767016607905
2035-07-31,2936.7405363749226
2035-08-31,2838.654073131726
2035-09-30,2789.2110166129028
2035-10-31,2722.739501024103
2035-11-30,2775.339919310633
2035-12-31,2786.9944019668283
2036-01-31,2762.675041652317
2036-02-29,2800.116264714623
2036-03-31,2835.5208589225176
2036-04-30,2844.0785909262627
2036-05-31,2903.131890209979
2036-06-30,2983.315588836587
2036-07-31,2967.87942355072
2036-08-31,2869.792960307523
2036-09-30,2820.349903788699
2036-10-31,2753.8783881998993
2036-11-30,2806.47880648643
2036-12-31,2818.1332891426255
2037-01-31,2793.813928828114
2037-02-28,2831.2551518904193
2037-03-31,2866.659746098314
2037-04-30,2875.21747810206
2037-05-31,2934.270777385776
2037-06-30,3014.454476012384
2037-07-31,2999.018310726516
2037-08-31,2900.9318474833194
2037-09-30,2851.4887909644963
2037-10-31,2785.0172753756965
2037-11-30,2837.6176936622273
2037-12-31,2849.2721763184218
2038-01-31,2824.9528160039104
2038-02-28,2862.3940390662165
2038-03-31,2897.798633274111
2038-04-30,2906.356365277856
2038-05-31,2965.4096645615723
2038-06-30,3045.5933631881803
2038-07-31,3030.1571979023133
2038-08-31,2932.0707346591166
2038-09-30,2882.6276781402926
2038-10-31,2816.156162551493
2038-11-30,2868.7565808380236
2038-12-31,2880.411063494219
2039-01-31,2856.0917031797076
2039-02-28,2893.5329262420128
2039-03-31,2928.9375204499074
2039-04-30,2937.4952524536534
2039-05-31,2996.5485517373695
2039-06-30,3076.7322503639775
2039-07-31,3061.2960850781096
2039-08-31,2963.209621834913
2039-09-30,2913.76656531609
2039-10-31,2847.29504972729
2039-11-30,2899.895468013821
2039-12-31,2911.5499506700153
2040-01-31,2887.230590355504
2040-02-29,2924.67181341781
2040-03-31,2960.0764076257046
2040-04-30,2968.6341396294497
2040-05-31,3027.687438913166
2040-06-30,3107.871137539774
2040-07-31,3092.434972253907
2040-08-31,2994.34850901071
2040-09-30,2944.905452491886
2040-10-31,2878.4339369030863
2040-11-30,2931.034355189617
2040-12-31,2942.6888378458125
2041-01-31,2918.369477531301
2041-02-28,2955.8107005936063
2041-03-31,2991.215294801501
2041-04-30,2999.773026805247
2041-05-31,3058.826326088963
2041-06-30,3139.010024715571
2041-07-31,3123.573859429703
2041-08-31,3025.4873961865064
2041-09-30,2976.0443396676833
2041-10-31,2909.5728240788835
2041-11-30,2962.1732423654144
2041-12-31,2973.827725021609
2042-01-31,2949.5083647070974
2042-02-28,2986.9495877694035
2042-03-31,3022.354181977298
2042-04-30,3030.911913981044
2042-05-31,3089.9652132647593
2042-06-30,3170.1489118913673
2042-07-31,3154.7127466055003
2042-08-31,3056.6262833623036
2042-09-30,3007.1832268434796
2042-10-31,2940.71171125468
2042-11-30,2993.3121295412107
2042-12-31,3004.966612197406
2043-01-31,2980.6472518828946
2043-02-28,3018.0884749452
2043-03-31,3053.4930691530944
2043-04-30,3062.0508011568404
2043-05-31,3121.1041004405565
2043-06-30,3201.2877990671645
2043-07-31,3185.8516337812966
2043-08-31,3087.7651705381
2043-09-30,3038.322114019277
2043-10-31,2971.850598430477
2043-11-30,3024.451016717008
2043-12-31,3036.1054993732023
2044-01-31,3011.786139058691
2044-02-29,3049.227362120997
2044-03-31,3084.6319563288916
2044-04-30,3093.1896883326376
2044-05-31,3152.242987616353
2044-06-30,3232.426686242961
2044-07-31,3216.990520957094
2044-08-31,3118.904057713897
2044-09-30,3069.461001195073
2044-10-31,3002.9894856062733
2044-11-30,3055.589903892804
2044-12-31,3067.2443865489995
2045-01-31,3042.925026234488
2045-02-28,3080.3662492967933
2045-03-31,3115.770843504688
2045-04-30,3124.328575508434
2045-05-31,3183.38187479215
2045-06-30,3263.565573418758
2045-07-31,3248.12940813289
2045-08-31,3150.0429448896934
2045-09-30,3100.5998883708703
2045-10-31,3034.1283727820705
2045-11-30,3086.7287910686014
2045-12-31,3098.383273724796
2046-01-31,3074.0639134102844
2046-02-28,3111.5051364725905
2046-03-31,3146.909730680485
2046-04-30,3155.467462684231
2046-05-31,3214.5207619679463
2046-06-30,3294.7044605945543
2046-07-31,3279.2682953086874
2046-08-31,3181.1818320654907
2046-09-30,3131.7387755466675
2046-10-31,3065.267259957867
2046-11-30,3117.8676782443977
2046-12-31,3129.522160900593
2047-01-31,3105.2028005860816
2047-02-28,3142.644023648387
2047-03-31,3178.0486178562815
2047-04-30,3186.6063498600274
2047-05-31,3245.6596491437435
2047-06-30,3325.8433477703516
2047-07-31,3310.4071824844837
2047-08-31,3212.320719241287
2047-09-30,3162.877662722464
2047-10-31,3096.406147133664
2047-11-30,3149.006565420195
2047-12-31,3160.6610480763893
2048-01-31,3136.341687761878
2048-02-29,3173.782910824184
2048-03-31,3209.1875050320787
2048-04-30,3217.7452370358246
2048-05-31,3276.79853631954
2048-06-30,3356.982234946148
2048-07-31,3341.546069660281
2048-08-31,3243.459606417084
2048-09-30,3194.016549898261
2048-10-31,3127.5450343094603
2048-11-30,3180.145452595991
2048-12-31,3191.7999352521865
2049-01-31,3167.480574937675
2049-02-28,3204.9217979999803
2049-03-31,3240.326392207875
2049-04-30,3248.884124211621
2049-05-31,3307.937423495337
2049-06-30,3388.121122121945
2049-07-31,3372.684956836077
2049-08-31,3274.5984935928805
2049-09-30,3225.1554370740573
2049-10-31,3158.6839214852575
2049-11-30,3211.2843397717884
2049-12-31,3222.938822427983
2050-01-31,3198.6194621134714
2050-02-28,3236.0606851757775
2050-03-31,3271.465279383672
2050-04-30,3280.023011387418
2050-05-31,3339.0763106711333
2050-06-30,3419.2600092977414
2050-07-31,3403.8238440118744
2050-08-31,3305.7373807686777
2050-09-30,3256.2943242498545
2050-10-31,3189.822808661054
2050-11-30,3242.4232269475847
2050-12-31,3254.07770960378
2051-01-31,3229.7583492892686
2051-02-28,3267.1995723515747
2051-03-31,3302.6041665594685
2051-04-30,3311.1618985632144
2051-05-31,3370.2151978469306
2051-06-30,3450.3988964735386
2051-07-31,3434.9627311876707
2051-08-31,3336.876267944474
2051-09-30,3287.433211425651
2051-10-31,3220.961695836851
2051-11-30,3273.562114123382
2051-12-31,3285.2165967795763
2052-01-31,3260.897236465065
2052-02-29,3298.338459527371
2052-03-31,3333.7430537352657
2052-04-30,3342.3007857390116
2052-05-31,3401.354085022727
2052-06-30,3481.537783649335
2052-07-31,3466.101618363468
2052-08-31,3368.015155120271
2052-09-30,3318.572098601448
2052-10-31,3252.1005830126473
2052-11-30,3304.701001299178
2052-12-31,3316.3554839553735
2053-01-31,3292.036123640862
2053-02-28,3329.477346703168
2053-03-31,3364.881940911062
2053-04-30,3373.439672914808
2053-05-31,3432.492972198524
2053-06-30,3512.676670825132
2053-07-31,3497.240505539264
2053-08-31,3399.1540422960675
2053-09-30,3349.7109857772443
2053-10-31,3283.2394701884446
2053-11-30,3335.8398884749754
2053-12-31,3347.49437113117
2054-01-31,3323.1750108166584
2054-02-28,3360.6162338789645
2054-03-31,3396.020828086859
2054-04-30,3404.578560090605
2054-05-31,3463.6318593743204
2054-06-30,3543.8155580009284
2054-07-31,3528.3793927150614
2054-08-31,3430.2929294718647
2054-09-30,3380.8498729530415
2054-10-31,3314.378357364241
2054-11-30,3366.9787756507717
2054-12-31,3378.633258306967
2055-01-31,3354.3138979924556
2055-02-28,3391.7551210547617
2055-03-31,3427.1597152626555
2055-04-30,3435.7174472664015
2055-05-31,3494.7707465501176
2055-06-30,3574.9544451767256
2055-07-31,3559.5182798908586
2055-08-31,3461.431816647661
2055-09-30,3411.988760128838
2055-10-31,3345.517244540038
2055-11-30,3398.117662826569
2055-12-31,3409.7721454827633
2056-01-31,3385.452785168252
2056-02-29,3422.894008230558
2056-03-31,3458.2986024384527
2056-04-30,3466.8563344421987
2056-05-31,3525.909633725914
2056-06-30,3606.093332352522
2056-07-31,3590.657167066655
2056-08-31,3492.570703823458
2056-09-30,3443.127647304635
2056-10-31,3376.6561317158344
2056-11-30,3429.256550002365
2056-12-31,3440.9110326585605
2057-01-31,3416.591672344049
2057-02-28,3454.0328954063552
2057-03-31,3489.437489614249
2057-04-30,3497.995221617995
2057-05-31,3557.048520901711
2057-06-30,3637.232219528319
2057-07-31,3621.796054242452
2057-08-31,3523.7095909992545
2057-09-30,3474.2665344804313
2057-10-31,3407.7950188916316
2057-11-30,3460.3954371781624
2057-12-31,3472.049919834357
2058-01-31,3447.7305595198454
2058-02-28,3485.1717825821515
2058-03-31,3520.576376790046
2058-04-30,3529.134108793792
2058-05-31,3588.1874080775074
2058-06-30,3668.3711067041154
2058-07-31,3652.9349414182484
2058-08-31,3554.8484781750517
2058-09-30,3505.4054216562286
2058-10-31,3438.933906067428
2058-11-30,3491.5343243539587
2058-12-31,3503.188807010154
2059-01-31,3478.8694466956426
2059-02-28,3516.3106697579487
2059-03-31,3551.7152639658425
2059-04-30,3560.2729959695885
2059-05-31,3619.3262952533046
2059-06-30,3699.5099938799126
2059-07-31,3684.0738285940456
2059-08-31,3585.987365350848
2059-09-30,3536.544308832025
2059-10-31,3470.072793243225
2059-11-30,3522.673211529756
2059-12-31,3534.3276941859513
2060-01-31,3510.008333871439
2060-02-29,3547.449556933745
2060-03-31,3582.8541511416397
2060-04-30,3591.4118831453857
2060-05-31,3650.465182429101
2060-06-30,3730.648881055709
2060-07-31,3715.212715769842
2060-08-31,3617.126252526645
2060-09-30,3567.683196007822
2060-10-31,3501.2116804190214
2060-11-30,3553.812098705552
2060-12-31,3565.4665813617476
2061-01-31,3541.147221047236
2061-02-28,3578.5884441095423
2061-03-31,3613.993038317436
2061-04-30,3622.550770321182
2061-05-31,3681.604069604898
2061-06-30,3761.787768231506
2061-07-31,3746.351602945639
2061-08-31,3648.2651397024415
2061-09-30,3598.8220831836184
2061-10-31,3532.3505675948186
2061-11-30,3584.9509858813494
2061-12-31,3596.6054685375448
2062-01-31,3572.2861082230324
2062-02-28,3609.7273312853386
2062-03-31,3645.131925493233
2062-04-30,3653.689657496979
2062-05-31,3712.7429567806944
2062-06-30,3792.9266554073024
2062-07-31,3777.4904901214354
2062-08-31,3679.4040268782387
2062-09-30,3629.9609703594156
2062-10-31,3563.489454770615
2062-11-30,3616.0898730571457
2062-12-31,3627.744355713341
2063-01-31,3603.4249953988297
2063-02-28,3640.8662184611358
2063-03-31,3676.2708126690295
2063-04-30,3684.8285446727755
2063-05-31,3743.8818439564916
2063-06-30,3824.0655425830996
2063-07-31,3808.6293772972326
2063-08-31,3710.542914054035
2063-09-30,3661.099857535212
2063-10-31,3594.628341946412
2063-11-30,3647.228760232943
2063-12-31,3658.8832428891383
2064-01-31,3634.563882574626
2064-02-29,3672.005105636932
2064-03-31,3707.4096998448267
2064-04-30,3715.9674318485727
2064-05-31,3775.020731132289
2064-06-30,3855.204429758896
2064-07-31,3839.768264473029
2064-08-31,3741.681801229832
2064-09-30,3692.238744711009
2064-10-31,3625.7672291222084
2064-11-30,3678.3676474087392
2064-12-31,3690.0221300649346
2065-01-31,3665.702769750423
2065-02-28,3703.1439928127293
2065-03-31,3738.548587020623
2065-04-30,3747.106319024369
2065-05-31,3806.159618308085
2065-06-30,3886.343316934693
2065-07-31,3870.907151648826
2065-08-31,3772.8206884056285
2065-09-30,3723.3776318868054
2065-10-31,3656.9061162980056
2065-11-30,3709.5065345845364
2065-12-31,3721.161017240732
2066-01-31,3696.8416569262195
2066-02-28,3734.2828799885256
2066-03-31,3769.68747419642
2066-04-30,3778.245206200166
2066-05-31,3837.2985054838823
2066-06-30,3917.4822041104894
2066-07-31,3902.0460388246224
2066-08-31,3803.9595755814257
2066-09-30,3754.5165190626026
2066-10-31,3688.045003473802
2066-11-30,3740.6454217603327
2066-12-31,3752.299904416528
2067-01-31,3727.9805441020167
2067-02-28,3765.421767164323
2067-03-31,3800.8263613722165
2067-04-30,3809.3840933759625
2067-05-31,3868.4373926596786
2067-06-30,3948.6210912862866
2067-07-31,3933.1849260004196
2067-08-31,3835.098462757222
2067-09-30,3785.655406238399
2067-10-31,3719.183890649599
2067-11-30,3771.78430893613
2067-12-31,3783.4387915923253
2068-01-31,3759.119431277813
2068-02-29,3796.560654340119
2068-03-31,3831.9652485480137
2068-04-30,3840.5229805517597
2068-05-31,3899.576279835476
2068-06-30,3979.759978462083
2068-07-31,3964.323813176216
2068-08-31,3866.2373499330192
2068-09-30,3816.794293414196
2068-10-31,3750.3227778253963
2068-11-30,3802.9231961119262
2068-12-31,3814.5776787681216
2069-01-31,3790.25831845361
2069-02-28,3827.6995415159163
2069-03-31,3863.10413572381
2069-04-30,3871.661867727556
2069-05-31,3930.715167011272
2069-06-30,4010.89886563788
2069-07-31,3995.462700352013
2069-08-31,3897.3762371088155
2069-09-30,3847.9331805899924
2069-10-31,3781.4616650011926
2069-11-30,3834.0620832877235
2069-12-31,3845.716565943919
2070-01-31,3821.3972056294065
2070-02-28,3858.8384286917126
2070-03-31,3894.2430228996072
2070-04-30,3902.800754903353
2070-05-31,3961.8540541870693
2070-06-30,4042.0377528136764
2070-07-31,4026.6015875278094
2070-08-31,3928.5151242846127
2070-09-30,3879.0720677657896
2070-10-31,3812.60055217699
2070-11-30,3865.2009704635198
2070-12-31,3876.855453119715
2071-01-31,3852.5360928052037
2071-02-28,3889.97731586751
2071-03-31,3925.3819100754035
2071-04-30,3933.9396420791495
2071-05-31,3992.9929413628656
2071-06-30,4073.1766399894736
2071-07-31,4057.7404747036067
2071-08-31,3959.654011460409
2071-09-30,3910.210954941586
2071-10-31,3843.739439352786
2071-11-30,3896.339857639317
2071-12-31,3907.9943402955123
2072-01-31,3883.674979981
2072-02-29,3921.116203043306
2072-03-31,3956.5207972512007
2072-04-30,3965.0785292549467
2072-05-31,4024.131828538663
2072-06-30,4104.3155271652695
2072-07-31,4088.879361879403
2072-08-31,3990.7928986362062
2072-09-30,3941.349842117383
2072-10-31,3874.8783265285833
2072-11-30,3927.4787448151133
2072-12-31,3939.1332274713086
2073-01-31,3914.813867156797
2073-02-28,3952.2550902191033
2073-03-31,3987.659684426998
2073-04-30,3996.217416430743
2073-05-31,4055.270715714459
2073-06-30,4135.454414341067
2073-07-31,4120.0182490552
2073-08-31,4021.9317858120025
2073-09-30,3972.4887292931794
2073-10-31,3906.0172137043796
2073-11-30,3958.6176319909105
2073-12-31,3970.272114647106
2074-01-31,3945.9527543325935
2074-02-28,3983.3939773948996
2074-03-31,4018.7985716027943
2074-04-30,4027.35630360654
2074-05-31,4086.4096028902563
2074-06-30,4166.593301516863
2074-07-31,4151.157136230996
2074-08-31,4053.0706729877998
2074-09-30,4003.6276164689766
2074-10-31,3937.156100880177
2074-11-30,3989.7565191667068
2074-12-31,4001.411001822902
2075-01-31,3977.0916415083907
2075-02-28,4014.532864570697
2075-03-31,4049.9374587785915
2075-04-30,4058.4951907823365
2075-05-31,4117.548490066052
2075-06-30,4197.73218869266
2075-07-31,4182.296023406793
2075-08-31,4084.209560163596
2075-09-30,4034.766503644773
2075-10-31,3968.294988055973
2075-11-30,4020.895406342504
2075-12-31,4032.5498889986993
2076-01-31,4008.230528684187
2076-02-29,4045.671751746493
2076-03-31,4081.0763459543878
2076-04-30,4089.6340779581337
2076-05-31,4148.687377241849
2076-06-30,4228.8710758684565
2076-07-31,4213.4349105825895
2076-08-31,4115.348447339394
2076-09-30,4065.90539082057
2076-10-31,3999.4338752317703
2076-11-30,4052.0342935183003
2076-12-31,4063.6887761744956
2077-01-31,4039.369415859984
2077-02-28,4076.8106389222903
2077-03-31,4112.215233130185
2077-04-30,4120.7729651339305
2077-05-31,4179.826264417646
2077-06-30,4260.009963044254
2077-07-31,4244.573797758387
2077-08-31,4146.487334515191
2077-09-30,4097.044277996367
2077-10-31,4030.5727624075666
2077-11-30,4083.1731806940975
2077-12-31,4094.827663350293
2078-01-31,4070.5083030357805
2078-02-28,4107.949526098087
2078-03-31,4143.354120305981
2078-04-30,4151.911852309728
2078-05-31,4210.965151593443
2078-06-30,4291.14885022005
2078-07-31,4275.712684934183
2078-08-31,4177.626221690987
2078-09-30,4128.183165172164
2078-10-31,4061.711649583364
2078-11-30,4114.312067869894
2078-12-31,4125.966550526089
2079-01-31,4101.647190211578
2079-02-28,4139.088413273884
2079-03-31,4174.4930074817785
2079-04-30,4183.050739485524
2079-05-31,4242.104038769239
2079-06-30,4322.287737395847
2079-07-31,4306.85157210998
2079-08-31,4208.765108866784
2079-09-30,4159.32205234796
2079-10-31,4092.85053675916
2079-11-30,4145.450955045691
2079-12-31,4157.105437701886
2080-01-31,4132.7860773873745
2080-02-29,4170.22730044968
2080-03-31,4205.631894657575
2080-04-30,4214.189626661321
2080-05-31,4273.242925945036
2080-06-30,4353.4266245716435
2080-07-31,4337.9904592857765
2080-08-31,4239.903996042581
2080-09-30,4190.460939523758
2080-10-31,4123.989423934958
2080-11-30,4176.589842221488
2080-12-31,4188.244324877683
2081-01-31,4163.924964563172
2081-02-28,4201.366187625477
2081-03-31,4236.770781833372
2081-04-30,4245.3285138371175
2081-05-31,4304.381813120833
2081-06-30,4384.565511747441
2081-07-31,4369.129346461574
2081-08-31,4271.042883218378
2081-09-30,4221.599826699554
2081-10-31,4155.128311110754
2081-11-30,4207.728729397285
2081-12-31,4219.38321205348
2082-01-31,4195.063851738969
2082-02-28,4232.505074801274
2082-03-31,4267.909669009168
2082-04-30,4276.467401012915
2082-05-31,4335.52070029663
2082-06-30,4415.704398923237
2082-07-31,4400.26823363737
2082-08-31,4302.181770394174
2082-09-30,4252.738713875351
2082-10-31,4186.267198286551
2082-11-30,4238.867616573081
2082-12-31,4250.522099229276
2083-01-31,4226.202738914765
2083-02-28,4263.643961977071
2083-03-31,4299.0485561849655
2083-04-30,4307.606288188711
2083-05-31,4366.659587472426
2083-06-30,4446.843286099034
2083-07-31,4431.407120813167
2083-08-31,4333.320657569971
2083-09-30,4283.877601051147
2083-10-31,4217.406085462348
2083-11-30,4270.0065037488785
2083-12-31,4281.660986405073
2084-01-31,4257.341626090562
2084-02-29,4294.782849152867
2084-03-31,4330.187443360762
2084-04-30,4338.745175364508
2084-05-31,4397.798474648223
2084-06-30,4477.9821732748305
2084-07-31,4462.5460079889635
2084-08-31,4364.459544745768
2084-09-30,4315.016488226945
2084-10-31,4248.544972638145
2084-11-30,4301.145390924675
2084-12-31,4312.79987358087
2085-01-31,4288.480513266359
2085-02-28,4325.921736328664
2085-03-31,4361.326330536559
2085-04-30,4369.8840625403045
2085-05-31,4428.93736182402
2085-06-30,4509.121060450628
2085-07-31,4493.684895164761
2085-08-31,4395.598431921565
2085-09-30,4346.155375402741
2085-10-31,4279.683859813941
2085-11-30,4332.284278100472
2085-12-31,4343.938760756667
2086-01-31,4319.619400442156
2086-02-28,4357.060623504461
2086-03-31,4392.465217712355
2086-04-30,4401.022949716102
2086-05-31,4460.076248999817
2086-06-30,4540.259947626425
2086-07-31,4524.823782340557
2086-08-31,4426.737319097361
2086-09-30,4377.294262578538
2086-10-31,4310.822746989738
2086-11-30,4363.423165276268
2086-12-31,4375.077647932463
2087-01-31,4350.758287617952
2087-02-28,4388.199510680258
2087-03-31,4423.6041048881525
2087-04-30,4432.161836891898
2087-05-31,4491.215136175613
2087-06-30,4571.398834802221
2087-07-31,4555.962669516354
2087-08-31,4457.8762062731585
2087-09-30,4408.433149754334
2087-10-31,4341.961634165535
2087-11-30,4394.5620524520655
2087-12-31,4406.21653510826
2088-01-31,4381.897174793749
2088-02-29,4419.338397856054
2088-03-31,4454.742992063949
2088-04-30,4463.300724067695
2088-05-31,4522.35402335141
2088-06-30,4602.537721978018
2088-07-31,4587.101556692151
2088-08-31,4489.015093448955
2088-09-30,4439.572036930132
2088-10-31,4373.100521341332
2088-11-30,4425.700939627862
2088-12-31,4437.355422284057
2089-01-31,4413.036061969546
2089-02-28,4450.477285031851
2089-03-31,4485.881879239746
2089-04-30,4494.4396112434915
2089-05-31,4553.492910527207
2089-06-30,4633.676609153815
2089-07-31,4618.240443867948
2089-08-31,4520.153980624752
2089-09-30,4470.710924105928
2089-10-31,4404.239408517128
2089-11-30,4456.839826803659
2089-12-31,4468.494309459854
2090-01-31,4444.174949145343
2090-02-28,4481.616172207648
2090-03-31,4517.020766415542
2090-04-30,4525.578498419289
2090-05-31,4584.631797703004
2090-06-30,4664.815496329612
2090-07-31,4649.379331043744
2090-08-31,4551.292867800548
2090-09-30,4501.849811281725
2090-10-31,4435.378295692925
2090-11-30,4487.978713979456
2090-12-31,4499.63319663565
2091-01-31,4475.313836321139
2091-02-28,4512.755059383445
2091-03-31,4548.1596535913395
2091-04-30,4556.717385595085
2091-05-31,4615.7706848788
2091-06-30,4695.954383505408
2091-07-31,4680.518218219541
2091-08-31,4582.4317549763455
2091-09-30,4532.988698457521
2091-10-31,4466.517182868722
2091-11-30,4519.1176011552525
2091-12-31,4530.772083811447
2092-01-31,4506.452723496936
2092-02-29,4543.893946559241
2092-03-31,4579.298540767136
2092-04-30,4587.856272770882
2092-05-31,4646.909572054597
2092-06-30,4727.093270681205
2092-07-31,4711.657105395338
2092-08-31,4613.570642152142
2092-09-30,4564.127585633319
2092-10-31,4497.656070044518
2092-11-30,4550.256488331049
2092-12-31,4561.910970987244
2093-01-31,4537.591610672733
2093-02-28,4575.032833735038
2093-03-31,4610.437427942932
2093-04-30,4618.9951599466785
2093-05-31,4678.048459230394
2093-06-30,4758.232157857002
2093-07-31,4742.795992571135
2093-08-31,4644.709529327938
2093-09-30,4595.266472809115
2093-10-31,4528.794957220315
2093-11-30,4581.395375506846
2093-12-31,4593.049858163041
2094-01-31,4568.730497848529
2094-02-28,4606.171720910835
2094-03-31,4641.576315118729
2094-04-30,4650.134047122476
2094-05-31,4709.187346406191
2094-06-30,4789.371045032798
2094-07-31,4773.934879746931
2094-08-31,4675.848416503735
2094-09-30,4626.405359984912
2094-10-31,4559.933844396112
2094-11-30,4612.534262682642
2094-12-31,4624.188745338837
2095-01-31,4599.869385024326
2095-02-28,4637.310608086632
2095-03-31,4672.715202294526
2095-04-30,4681.272934298272
2095-05-31,4740.326233581987
2095-06-30,4820.509932208595
2095-07-31,4805.073766922728
2095-08-31,4706.987303679532
2095-09-30,4657.544247160708
2095-10-31,4591.072731571909
2095-11-30,4643.6731498584395
2095-12-31,4655.327632514634
2096-01-31,4631.0082722001225
2096-02-29,4668.449495262428
2096-03-31,4703.854089470323
2096-04-30,4712.411821474069
2096-05-31,4771.4651207577845
2096-06-30,4851.648819384392
2096-07-31,4836.212654098525
2096-08-31,4738.126190855329
2096-09-30,4688.683134336506
2096-10-31,4622.211618747706
2096-11-30,4674.812037034236
2096-12-31,4686.466519690431
2097-01-31,4662.14715937592
2097-02-28,4699.588382438225
2097-03-31,4734.992976646119
2097-04-30,4743.550708649866
2097-05-31,4802.604007933581
2097-06-30,4882.787706560189
2097-07-31,4867.351541274322
2097-08-31,4769.265078031125
2097-09-30,4719.822021512302
2097-10-31,4653.350505923502
2097-11-30,4705.950924210033
2097-12-31,4717.605406866228
2098-01-31,4693.286046551716
2098-02-28,4730.727269614022
2098-03-31,4766.131863821916
2098-04-30,4774.689595825663
2098-05-31,4833.742895109378
2098-06-30,4913.926593735985
2098-07-31,4898.490428450118
2098-08-31,4800.403965206922
2098-09-30,4750.960908688099
2098-10-31,4684.489393099299
2098-11-30,4737.089811385829
2098-12-31,4748.744294042024
2099-01-31,4724.424933727513
2099-02-28,4761.866156789819
2099-03-31,4797.270750997714
2099-04-30,4805.828483001459
2099-05-31,4864.881782285174
2099-06-30,4945.065480911782
2099-07-31,4929.629315625915
2099-08-31,4831.542852382719
2099-09-30,4782.099795863895
2099-10-31,4715.628280275096
2099-11-30,4768.2286985616265
2099-12-31,4779.883181217821
2100-01-31,4755.5638209033095
2100-02-28,4793.005043965615
2100-03-31,4828.40963817351
2100-04-30,4836.967370177256
2100-05-31,4896.0206694609715
2100-06-30,4976.204368087579
2100-07-31,4960.768202801712
2100-08-31,4862.681739558516
2100-09-30,4813.238683039693
2100-10-31,4746.767167450893
2100-11-30,4799.367585737423
2100-12-31,4811.022068393618
2101-01-31,4786.702708079107
2101-02-28,4824.143931141412
2101-03-31,4859.548525349307
2101-04-30,4868.106257353053
2101-05-31,4927.159556636768
2101-06-30,5007.343255263376
2101-07-31,4991.907089977509
2101-08-31,4893.820626734312
2101-09-30,4844.377570215489
2101-10-31,4777.906054626689
2101-11-30,4830.50647291322
2101-12-31,4842.160955569415
2102-01-31,4817.841595254903
2102-02-28,4855.282818317209
2102-03-31,4890.687412525103
2102-04-30,4899.24514452885
2102-05-31,4958.298443812565
2102-06-30,5038.482142439172
2102-07-31,5023.045977153305
2102-08-31,4924.959513910109
2102-09-30,4875.516457391286
2102-10-31,4809.044941802486
2102-11-30,4861.645360089016
2102-12-31,4873.299842745211
2103-01-31,4848.9804824307
2103-02-28,4886.421705493006
2103-03-31,4921.826299700901
2103-04-30,4930.384031704646
2103-05-31,4989.437330988361
2103-06-30,5069.621029614969
2103-07-31,5054.184864329102
2103-08-31,4956.0984010859065
2103-09-30,4906.6553445670825
2103-10-31,4840.183828978283
2103-11-30,4892.7842472648135
2103-12-31,4904.438729921008
2104-01-31,4880.119369606497
2104-02-29,4917.560592668802
2104-03-31,4952.965186876697
2104-04-30,4961.522918880443
2104-05-31,5020.5762181641585
2104-06-30,5100.759916790766
2104-07-31,5085.323751504899
2104-08-31,4987.237288261703
2104-09-30,4937.79423174288
2104-10-31,4871.32271615408
2104-11-30,4923.92313444061
2104-12-31,4935.577617096805
2105-01-31,4911.258256782294
2105-02-28,4948.699479844599
2105-03-31,4984.104074052494
2105-04-30,4992.66180605624
2105-05-31,5051.715105339955
2105-06-30,5131.898803966563
2105-07-31,5116.462638680696
2105-08-31,5018.3761754375
2105-09-30,4968.933118918676
2105-10-31,4902.461603329876
2105-11-30,4955.062021616407
2105-12-31,4966.716504272602
2106-01-31,4942.397143958091
2106-02-28,4979.838367020396
2106-03-31,5015.24296122829
2106-04-30,5023.800693232037
2106-05-31,5082.853992515752
2106-06-30,5163.037691142359
2106-07-31,5147.601525856492
2106-08-31,5049.515062613296
2106-09-30,5000.072006094473
2106-10-31,4933.600490505673
2106-11-30,4986.200908792203
2106-12-31,4997.855391448398
2107-01-31,4973.536031133887
2107-02-28,5010.977254196193
2107-03-31,5046.381848404088
2107-04-30,5054.939580407833
2107-05-31,5113.992879691548
2107-06-30,5194.176578318156
2107-07-31,5178.740413032289
2107-08-31,5080.6539497890935
2107-09-30,5031.2108932702695
2107-10-31,4964.73937768147
2107-11-30,5017.3397959680005
2107-12-31,5028.994278624195
2108-01-31,5004.6749183096845
2108-02-29,5042.116141371989
2108-03-31,5077.520735579884
2108-04-30,5086.07846758363
2108-05-31,5145.1317668673455
2108-06-30,5225.315465493953
2108-07-31,5209.879300208086
2108-08-31,5111.79283696489
2108-09-30,5062.349780446067
2108-10-31,4995.878264857267
2108-11-30,5048.478683143797
2108-12-31,5060.133165799992
2109-01-31,5035.813805485481
2109-02-28,5073.255028547786
2109-03-31,5108.659622755681
2109-04-30,5117.217354759427
2109-05-31,5176.270654043142
2109-06-30,5256.45435266975
2109-07-31,5241.018187383883
2109-08-31,5142.931724140687
2109-09-30,5093.488667621863
2109-10-31,5027.017152033063
2109-11-30,5079.617570319594
2109-12-31,5091.272052975789
2110-01-31,5066.952692661278
2110-02-28,5104.393915723583
2110-03-31,5139.798509931477
2110-04-30,5148.356241935224
2110-05-31,5207.409541218939
2110-06-30,5287.593239845547
2110-07-31,5272.157074559679
2110-08-31,5174.070611316483
2110-09-30,5124.62755479766
2110-10-31,5058.15603920886
2110-11-30,5110.75645749539
2110-12-31,5122.410940151585
2111-01-31,5098.091579837074
2111-02-28,5135.53280289938
2111-03-31,5170.937397107275
2111-04-30,5179.49512911102
2111-05-31,5238.548428394735
2111-06-30,5318.732127021343
2111-07-31,5303.295961735476
2111-08-31,5205.2094984922805
2111-09-30,5155.7664419734565
2111-10-31,5089.294926384657
2111-11-30,5141.895344671188
2111-12-31,5153.549827327382
2112-01-31,5129.2304670128715
2112-02-29,5166.671690075176
2112-03-31,5202.076284283071
2112-04-30,5210.634016286817
2112-05-31,5269.6873155705325
2112-06-30,5349.8710141971405
2112-07-31,5334.434848911273
2112-08-31,5236.348385668077
2112-09-30,5186.905329149254
2112-10-31,5120.433813560454
2112-11-30,5173.034231846984
2112-12-31,5184.688714503179
2113-01-31,5160.369354188668
2113-02-28,5197.810577250973
2113-03-31,5233.215171458868
2113-04-30,5241.772903462614
2113-05-31,5300.826202746329
2113-06-30,5381.009901372937
2113-07-31,5365.57373608707
2113-08-31,5267.487272843874
2113-09-30,5218.04421632505
2113-10-31,5151.57270073625
2113-11-30,5204.173119022781
2113-12-31,5215.827601678976
2114-01-31,5191.508241364465
2114-02-28,5228.94946442677
2114-03-31,5264.354058634664
2114-04-30,5272.911790638411
2114-05-31,5331.965089922126
2114-06-30,5412.148788548734
2114-07-31,5396.712623262866
2114-08-31,5298.62616001967
2114-09-30,5249.183103500847
2114-10-31,5182.711587912047
2114-11-30,5235.312006198578
2114-12-31,5246.966488854772
2115-01-31,5222.647128540261
2115-02-28,5260.088351602567
2115-03-31,5295.492945810462
2115-04-30,5304.050677814207
2115-05-31,5363.103977097922
2115-06-30,5443.28767572453
2115-07-31,5427.851510438663
